champion,skin,release
Aatrox,Blood Moon,2019-01-10
Aatrox,Justicar,2013-06-12
Aatrox,Mecha,2014-07-23
Aatrox,Odyssey,2020-10-15
Aatrox,Original,2013-06-12
Aatrox,Prestige Blood Moon,2019-01-10
Aatrox,Sea Hunter,2015-07-22
Aatrox,Victorious,2019-11-21
Ahri,Academy,2015-08-26
Ahri,Arcade,2016-08-24
Ahri,Challenger,2015-01-15
Ahri,Coven,2021-08-12
Ahri,Dynasty,2011-12-14
Ahri,Elderwood,2019-08-29
Ahri,Foxfire,2012-07-11
Ahri,KDA,2018-11-03
Ahri,KDA ALL OUT,2020-10-29
Ahri,Midnight,2011-12-14
Ahri,Original,2011-12-14
Ahri,Popstar,2013-11-25
Ahri,Prestige KDA,2019-03-07
Ahri,Spirit Blossom,2020-08-06
Ahri,Star Guardian,2017-09-06
Akali,All-star,2010-06-24
Akali,Blood Moon,2011-06-07
Akali,Crime City Nightmare,2021-08-26
Akali,Headhunter,2015-03-23
Akali,Infernal,2010-05-11
Akali,KDA,2018-11-03
Akali,KDA ALL OUT,2020-10-29
Akali,Nurse,2011-01-04
Akali,Original,2010-05-11
Akali,PROJECT,2019-08-01
Akali,Prestige KDA,2018-12-06
Akali,Sashimi,2016-09-07
Akali,Silverfang,2011-11-29
Akali,Stinger,2010-05-11
Akali,True Damage,2019-11-10
Akshan,Crystal Rose,2022-02-10
Akshan,Cyber Pop,2021-07-22
Akshan,Original,2021-07-22
Alistar,Black,2009-06-13
Alistar,Blackfrost,2020-03-05
Alistar,Conqueror,2019-04-30
Alistar,Golden,2010-01-13
Alistar,Hextech,2018-03-26
Alistar,Infernal,2012-07-13
Alistar,Longhorn,2011-02-16
Alistar,Lunar Beast,2021-02-04
Alistar,Marauder,2015-09-30
Alistar,Matador,2010-05-11
Alistar,Moo Cow,2017-03-29
Alistar,Original,2009-02-21
Alistar,SKT T1,2016-08-17
Alistar,Sweeper,2014-06-18
Alistar,Unchained,2011-09-22
Amumu,Almost-Prom King,2011-02-07
Amumu,Emumu,2010-08-01
Amumu,Hextech,2019-09-26
Amumu,Infernal,2018-10-16
Amumu,Little Knight,2011-07-18
Amumu,Original,2009-06-25
Amumu,Pharaoh,2010-02-02
Amumu,Porcelain,2022-01-26
Amumu,Pumpkin Prince,2020-10-22
Amumu,Re-Gifted,2010-12-14
Amumu,Sad Robot,2012-05-28
Amumu,Surprise Party,2015-03-31
Amumu,Vancouver,2010-02-12
Anivia,Bird of Prey,2010-05-02
Anivia,Blackfrost,2013-04-29
Anivia,Cosmic Flight,2020-11-24
Anivia,Divine Phoenix,2021-09-02
Anivia,Festival Queen,2017-02-23
Anivia,Hextech,2011-03-01
Anivia,Noxus Hunter,2010-08-24
Anivia,Original,2009-07-09
Anivia,Papercraft,2019-02-21
Anivia,Prehistoric,2015-06-14
Anivia,Team Spirit,2010-02-12
Annie,Annie in Wonderland,2010-08-16
Annie,Annie-Versary,2019-10-27
Annie,Cafe Cuties,2021-12-02
Annie,FrankenTibbers,2011-10-19
Annie,Frostfire,2011-05-24
Annie,Goth,2009-10-27
Annie,Hextech,2016-03-15
Annie,Lunar Beast,2021-02-04
Annie,Original,2009-02-21
Annie,Panda,2013-02-08
Annie,Prom Queen,2011-02-07
Annie,Red Riding,2010-04-27
Annie,Reverse,2011-09-06
Annie,Super Galaxy,2017-10-16
Annie,Sweetheart,2015-02-13
Aphelios,Lunar Beast,2021-02-04
Aphelios,Nightbringer,2019-12-11
Aphelios,Original,2019-12-11
Ashe,Amethyst,2011-11-15
Ashe,Championship,2017-09-12
Ashe,Cosmic Queen,2018-08-21
Ashe,Coven,2021-08-12
Ashe,Fae Dragon,2020-10-01
Ashe,Freljord,2009-11-20
Ashe,Heartseeker,2014-02-14
Ashe,High Noon,2019-10-10
Ashe,Marauder,2015-02-17
Ashe,Original,2009-02-21
Ashe,PROJECT,2016-08-01
Ashe,Queen,2010-09-21
Ashe,Sherwood Forest,2010-04-08
Ashe,Woad,2010-07-18
Aurelion Sol,Ashen Lord,2016-03-24
Aurelion Sol,Mecha,2018-08-16
Aurelion Sol,Original,2016-03-24
Aurelion Sol,Storm Dragon,2020-10-01
Azir,Elderwood,2020-12-10
Azir,Galactic,2014-09-15
Azir,Gravelord,2015-12-01
Azir,Original,2014-09-15
Azir,SKT T1,2016-08-17
Azir,Warring Kingdoms,2017-01-19
Bard,Astronaut,2020-05-28
Bard,Bard Bard,2016-11-17
Bard,Cafe Cuties,2021-12-02
Bard,Elderwood,2015-03-12
Bard,Original,2015-03-12
Bard,Snow Day,2015-12-10
Blitzcrank,Battle Boss,2015-08-19
Blitzcrank,Boom Boom,2010-08-29
Blitzcrank,Definitely Not,2011-10-19
Blitzcrank,Goalkeeper,2010-06-24
Blitzcrank,Lancer Paragon,2017-11-16
Blitzcrank,Lancer Rogue,2017-11-16
Blitzcrank,Original,2009-09-01
Blitzcrank,Piltover Customs,2011-03-07
Blitzcrank,Riot,2013-10-21
Blitzcrank,Rusty,2009-11-20
Blitzcrank,Space Groove,2021-04-01
Blitzcrank,Victorious,2021-11-16
Blitzcrank,Witch's Brew,2019-10-24
Blitzcrank,iBlitzcrank,2013-03-01
Brand,Apocalyptic,2011-04-12
Brand,Arclight,2019-03-07
Brand,Battle Boss,2017-08-08
Brand,Cryocore,2011-10-05
Brand,Debonair,2021-12-09
Brand,Eternal Dragon,2020-10-01
Brand,Original,2011-04-12
Brand,Prestige Debonair,2021-12-09
Brand,Spirit Fire,2015-10-21
Brand,Vandal,2011-04-12
Brand,Zombie,2012-10-26
Braum,Braum Lionheart,2015-12-07
Braum,Crime City,2018-08-23
Braum,Dragonslayer,2014-05-11
Braum,El Tigre,2015-01-21
Braum,Original,2014-05-11
Braum,Pool Party,2021-06-09
Braum,Santa,2016-12-14
Braum,Sugar Rush,2019-12-17
Caitlyn,Arcade,2019-06-28
Caitlyn,Arcane,2021-11-22
Caitlyn,Arctic Warfare,2011-12-29
Caitlyn,Battle Academia,2021-03-18
Caitlyn,Headhunter,2014-09-03
Caitlyn,Lunar Wraith,2016-01-27
Caitlyn,Officer,2011-10-05
Caitlyn,Original,2011-01-04
Caitlyn,Pool Party,2018-08-02
Caitlyn,Prestige Arcade,2019-06-28
Caitlyn,Pulsefire,2017-05-24
Caitlyn,Resistance,2011-01-04
Caitlyn,Safari,2011-05-10
Caitlyn,Sheriff,2011-01-04
Camille,Arcana,2021-05-13
Camille,Coven,2018-11-27
Camille,Original,2016-12-07
Camille,Program,2016-12-12
Camille,iG,2019-04-23
Cassiopeia,Coven,2021-08-12
Cassiopeia,Desperada,2010-12-14
Cassiopeia,Eternum,2017-09-20
Cassiopeia,Jade Fang,2013-02-08
Cassiopeia,Mythic,2012-07-18
Cassiopeia,Original,2010-12-14
Cassiopeia,Siren,2010-12-14
Cassiopeia,Spirit Blossom,2020-08-06
Cho'Gath,Battlecast Prime,2012-08-03
Cho'Gath,Dark Star,2018-07-13
Cho'Gath,Gentleman,2010-05-11
Cho'Gath,Jurassic,2011-11-01
Cho'Gath,Loch Ness,2011-03-01
Cho'Gath,Nightmare,2009-11-20
Cho'Gath,Original,2009-06-25
Cho'Gath,Prehistoric,2015-06-14
Cho'Gath,Shan Hai Scrolls,2021-01-28
Corki,Arcade,2016-08-24
Corki,Astronaut,2021-07-01
Corki,Corgi,2019-03-27
Corki,Dragonwing,2013-02-08
Corki,Fnatic,2014-09-24
Corki,Hot Rod,2010-07-27
Corki,Ice Toboggan,2010-02-12
Corki,Original,2009-09-18
Corki,Red Baron,2010-03-24
Corki,UFO,2010-01-01
Corki,Urfrider,2011-04-04
Darius,Academy,2015-08-26
Darius,Bioforge,2012-11-13
Darius,Crime City Nightmare,2021-08-26
Darius,Dreadnova,2017-04-12
Darius,Dunkmaster,2014-10-12
Darius,God-King,2018-06-27
Darius,High Noon,2019-10-10
Darius,Lord,2012-05-22
Darius,Lunar Beast,2021-02-04
Darius,Original,2012-05-22
Darius,Woad King,2013-06-16
Diana,Battle Queen,2020-12-10
Diana,Blood Moon,2017-02-09
Diana,Dark Valkyrie,2012-08-07
Diana,Dark Waters,2018-05-31
Diana,Dragonslayer,2020-01-30
Diana,Firecracker,2022-01-26
Diana,Infernal,2016-04-20
Diana,Lunar Goddess,2014-01-28
Diana,Original,2012-08-07
Diana,Prestige Battle Queen,2020-12-10
Diana,Sentinel,2021-07-08
Dr. Mundo,Corporate Mundo,2010-09-12
Dr. Mundo,El Macho Mundo,2016-06-01
Dr. Mundo,Executioner Mundo,2011-06-17
Dr. Mundo,Frozen Prince Mundo,2018-12-06
Dr. Mundo,Mr. Mundoverse,2010-03-24
Dr. Mundo,Mundo Mundo,2010-10-19
Dr. Mundo,Original,2009-09-01
Dr. Mundo,Pool Party Mundo,2015-06-25
Dr. Mundo,Rageborn Mundo,2012-07-27
Dr. Mundo,TPA Mundo,2013-05-23
Dr. Mundo,Toxic,2009-12-17
Draven,Beast Hunter,2016-02-04
Draven,Debonair,2021-12-09
Draven,Draven Draven,2016-03-31
Draven,Gladiator,2013-03-25
Draven,Mecha Kingdoms,2020-01-15
Draven,Original,2012-06-05
Draven,Pool Party,2015-06-25
Draven,Primetime,2014-06-20
Draven,Ruined,2021-01-21
Draven,Santa,2017-12-12
Draven,Soul Reaver,2012-06-05
Ekko,Academy,2015-08-26
Ekko,Firelight,2022-02-17
Ekko,Original,2015-05-27
Ekko,PROJECT,2016-08-01
Ekko,Pulsefire,2020-05-14
Ekko,SKT T1,2017-06-27
Ekko,Sandstorm,2015-05-27
Ekko,Trick or Treat,2018-10-24
Ekko,True Damage,2019-11-10
Elise,Bewitching,2020-10-22
Elise,Blood Moon,2015-01-08
Elise,Death Blossom,2012-10-26
Elise,Original,2012-10-26
Elise,SKT T1,2016-08-17
Elise,Super Galaxy,2017-10-16
Elise,Victorious,2013-12-20
Elise,Withered Rose,2022-02-10
Evelynn,Blood Moon,2018-05-08
Evelynn,Coven,2021-08-12
Evelynn,KDA,2018-11-03
Evelynn,KDA ALL OUT,2020-10-29
Evelynn,Masquerade,2010-05-17
Evelynn,Original,2009-04-30
Evelynn,Prestige KDA,2019-04-18
Evelynn,Safecracker,2014-11-28
Evelynn,Shadow,2009-11-20
Evelynn,Sugar Rush,2019-12-17
Evelynn,Tango,2010-10-05
Ezreal,Ace of Spades,2015-05-20
Ezreal,Arcade,2016-08-24
Ezreal,Battle Academia,2019-05-15
Ezreal,Debonair,2014-08-05
Ezreal,Explorer,2010-10-13
Ezreal,Frosted,2010-07-18
Ezreal,Nottingham,2010-03-16
Ezreal,Original,2010-03-16
Ezreal,Pajama Guardian,2018-11-21
Ezreal,Porcelain Protector,2022-01-26
Ezreal,Prestige PsyOps,2020-09-03
Ezreal,PsyOps,2020-09-03
Ezreal,Pulsefire,2012-06-29
Ezreal,SSG,2018-07-20
Ezreal,Star Guardian,2017-09-06
Ezreal,Striker,2010-06-24
Ezreal,TPA,2013-05-23
Fiddlesticks,Bandito,2010-08-10
Fiddlesticks,Dark Candy,2012-12-14
Fiddlesticks,Fiddle Me Timbers,2010-04-26
Fiddlesticks,Original,2009-02-21
Fiddlesticks,Praetorian,2018-11-08
Fiddlesticks,Pumpkinhead,2010-10-19
Fiddlesticks,Risen,2015-04-29
Fiddlesticks,Spectral,2010-03-16
Fiddlesticks,Surprise Party,2011-10-27
Fiddlesticks,Union Jack,2010-02-12
Fiora,Bewitching,2021-10-07
Fiora,Headmistress,2012-10-26
Fiora,Heartpiercer,2019-02-11
Fiora,Lunar Beast,2021-02-04
Fiora,Nightraven,2012-02-29
Fiora,Original,2012-02-29
Fiora,PROJECT,2015-09-07
Fiora,Pool Party,2016-07-13
Fiora,Prestige Lunar Beast,2021-02-04
Fiora,Pulsefire,2020-05-14
Fiora,Royal Guard,2012-02-29
Fiora,Soaring Sword,2017-09-27
Fiora,iG,2019-04-23
Fizz,Atlantean,2011-11-15
Fizz,Cottontail,2015-08-09
Fizz,Fisherman,2012-04-01
Fizz,Fuzz,2019-03-27
Fizz,Little Devil,2020-10-22
Fizz,Omega Squad,2017-07-26
Fizz,Original,2011-11-15
Fizz,Prestige Fuzz,2019-03-27
Fizz,Super Galaxy,2016-05-25
Fizz,Tundra,2011-11-15
Fizz,Void,2014-04-06
Galio,Birdio,2018-03-29
Galio,Commando,2011-01-18
Galio,Debonair,2015-04-13
Galio,Dragon Guardian,2021-04-15
Galio,Enchanted,2010-08-10
Galio,Gatekeeper,2012-04-23
Galio,Hextech,2010-08-10
Galio,Infernal,2019-09-05
Galio,Original,2010-08-10
Gangplank,Captain,2015-08-09
Gangplank,Dreadnova,2017-01-12
Gangplank,FPX,2020-04-30
Gangplank,Minuteman,2010-07-03
Gangplank,Original,2009-08-18
Gangplank,Pool Party,2018-08-02
Gangplank,Sailor,2011-01-10
Gangplank,Special Forces,2012-09-12
Gangplank,Spooky,2010-03-16
Gangplank,Sultan,2013-11-13
Gangplank,Toy Soldier,2011-12-14
Garen,Battle Academia,2021-03-18
Garen,Commando,2010-09-08
Garen,Demacia Vice,2019-07-18
Garen,Desert Trooper,2010-04-27
Garen,Dreadknight,2011-01-18
Garen,God-King,2018-06-27
Garen,Mecha Kingdoms,2020-01-15
Garen,Original,2010-04-27
Garen,Prestige Mecha Kingdoms,2020-01-15
Garen,Rogue Admiral,2015-07-22
Garen,Rugged,2011-08-15
Garen,Sanguine,2010-04-27
Garen,Steel Legion,2013-02-01
Garen,Warring Kingdoms,2017-01-19
Gnar,Astronaut,2020-05-28
Gnar,Dino,2014-08-13
Gnar,El Le√≥n,2016-06-01
Gnar,Elderwood,2022-01-06
Gnar,Gentleman,2015-07-14
Gnar,Original,2014-08-13
Gnar,SSG,2018-07-20
Gnar,Snow Day,2015-12-10
Gnar,Super Galaxy,2017-10-16
Gragas,Arctic Ops,2018-01-25
Gragas,Fnatic,2014-09-24
Gragas,Gragas Caskbreaker,2015-12-07
Gragas,"Gragas, Esq.",2011-04-12
Gragas,Hillbilly,2010-08-01
Gragas,Oktoberfest,2012-09-21
Gragas,Original,2010-02-02
Gragas,Santa,2010-12-14
Gragas,Scuba,2010-05-03
Gragas,Superfan,2014-06-18
Gragas,Vandal,2012-03-02
Gragas,Warden,2021-01-07
Graves,Battle Professor,2019-05-15
Graves,Crime City,2012-04-02
Graves,Cutthroat,2015-07-21
Graves,Hired Gun,2011-10-19
Graves,Jailbreak,2011-10-19
Graves,Original,2011-10-19
Graves,Pool Party,2013-09-09
Graves,Praetorian,2018-11-08
Graves,Riot,2012-08-16
Graves,Sentinel,2021-07-22
Graves,Snow Day,2016-12-14
Graves,Victorious,2017-11-08
Gwen,Cafe Cuties,2021-12-02
Gwen,Original,2021-04-15
Gwen,Space Groove,2021-04-15
Hecarim,Arcade,2013-08-21
Hecarim,Blood Knight,2012-04-17
Hecarim,Cosmic Charger,2020-11-24
Hecarim,Elderwood,2015-11-25
Hecarim,Headless,2012-10-26
Hecarim,High Noon,2019-10-10
Hecarim,Lancer Zero,2017-08-16
Hecarim,Original,2012-04-17
Hecarim,Reaper,2012-04-17
Hecarim,Worldbreaker,2016-11-10
Heimerdinger,Alien Invader,2010-07-13
Heimerdinger,Blast Zone,2010-06-24
Heimerdinger,Dragon Trainer,2018-10-11
Heimerdinger,Hazmat,2014-07-13
Heimerdinger,Heimerstinger,2022-03-03
Heimerdinger,Original,2009-10-09
Heimerdinger,Piltover Customs,2010-11-22
Heimerdinger,Pool Party,2020-07-02
Heimerdinger,Snowmerdinger,2011-12-14
Illaoi,Cosmic Invoker,2020-11-24
Illaoi,Original,2015-11-24
Illaoi,Resistance,2018-03-15
Illaoi,Void Bringer,2015-11-24
Irelia,Aviator,2010-11-16
Irelia,Divine Sword,2018-09-04
Irelia,Frostblade,2012-04-30
Irelia,High Noon,2020-06-18
Irelia,Infiltrator,2011-10-11
Irelia,Nightblade,2010-11-16
Irelia,Order of the Lotus,2015-06-03
Irelia,Original,2010-11-16
Irelia,PROJECT,2019-08-01
Irelia,Prestige PROJECT,2019-08-01
Irelia,Sentinel,2021-07-08
Irelia,iG,2019-04-23
Ivern,Candy King,2016-10-04
Ivern,Dunkmaster,2019-04-04
Ivern,Old God,2020-12-10
Ivern,Original,2016-10-04
Janna,Battle Queen,2020-12-10
Janna,Bewitching,2018-10-24
Janna,Crystal Rose,2022-02-10
Janna,Fnatic,2014-09-24
Janna,Forecast,2013-09-04
Janna,Frost Queen,2011-12-05
Janna,Guardian of the Sands,2020-01-22
Janna,Hextech,2010-11-08
Janna,Original,2009-09-01
Janna,Sacred Sword,2017-09-27
Janna,Star Guardian,2016-10-05
Janna,Tempest,2010-07-13
Janna,Victorious,2012-11-06
Jarvan IV,Commando,2011-03-01
Jarvan IV,Dark Star,2018-03-01
Jarvan IV,Darkforge,2011-07-26
Jarvan IV,Dragonslayer,2011-03-01
Jarvan IV,Fnatic,2014-09-24
Jarvan IV,Hextech,2019-04-04
Jarvan IV,Lunar Beast,2021-02-04
Jarvan IV,Original,2011-03-01
Jarvan IV,Pool Party,2020-07-02
Jarvan IV,SSG,2018-07-20
Jarvan IV,Victorious,2011-09-14
Jarvan IV,Warring Kingdoms,2013-02-08
Jarvan IV,Worlds 2021,2021-09-23
Jax,Angler,2010-06-08
Jax,Conqueror,2021-04-29
Jax,God Staff,2018-01-11
Jax,Jaximus,2011-05-10
Jax,Mecha Kingdoms,2020-01-15
Jax,Nemesis,2012-09-14
Jax,Original,2009-02-21
Jax,PAX,2010-03-26
Jax,Prestige Conqueror,2021-04-29
Jax,SKT T1,2014-05-04
Jax,Temple,2011-11-15
Jax,The Mighty,2010-02-12
Jax,Vandal,2010-02-24
Jax,Warden,2015-09-30
Jayce,Arcane,2021-11-08
Jayce,Battle Academia,2019-05-15
Jayce,Debonair,2013-02-14
Jayce,Forsaken,2015-05-03
Jayce,Full Metal,2012-07-06
Jayce,Jayce Brighthammer,2016-11-17
Jayce,Original,2012-07-06
Jayce,Resistance,2020-11-12
Jhin,Blood Moon,2017-02-09
Jhin,DWG,2021-04-29
Jhin,Dark Cosmic,2019-06-13
Jhin,High Noon,2016-02-01
Jhin,Original,2016-02-01
Jhin,PROJECT,2017-11-22
Jhin,SKT T1,2017-06-27
Jhin,Shan Hai Scrolls,2021-01-28
Jinx,Ambitious Elf,2017-12-12
Jinx,Arcane,2021-11-24
Jinx,Battle Cat,N/A
Jinx,Crime City,2013-10-09
Jinx,Firecracker,2015-02-10
Jinx,Heartseeker,2020-02-04
Jinx,Odyssey,2018-09-12
Jinx,Original,2013-10-09
Jinx,PROJECT,2019-08-01
Jinx,Prestige Battle Cat,N/A
Jinx,Star Guardian,2016-10-05
Jinx,Zombie Slayer,2015-11-05
Kai'Sa,Arcade,2019-06-28
Kai'Sa,Bullet Angel,2018-03-07
Kai'Sa,KDA,2018-11-03
Kai'Sa,KDA ALL OUT,2020-10-29
Kai'Sa,Lagoon Dragon,2021-10-21
Kai'Sa,Original,2018-03-07
Kai'Sa,Prestige KDA,2018-11-03
Kai'Sa,Prestige KDA ALL OUT,2020-10-29
Kai'Sa,iG,2019-04-23
Kalista,Blood Moon,2014-11-20
Kalista,Championship,2015-09-27
Kalista,Marauder,2021-01-07
Kalista,Original,2014-11-20
Kalista,SKT T1,2016-08-17
Karma,Conqueror,2017-04-23
Karma,Dark Star,2019-06-13
Karma,Dawnbringer,2019-12-12
Karma,Odyssey,2020-10-15
Karma,Order of the Lotus,2014-10-01
Karma,Original,2011-02-01
Karma,Ruined,2021-01-21
Karma,Sakura,2011-02-01
Karma,Sun Goddess,2011-02-01
Karma,Traditional,2013-03-29
Karma,Tranquility Dragon,2021-10-21
Karma,Warden,2015-09-30
Karma,Winter Wonder,2016-12-14
Karthus,Fnatic,2014-09-24
Karthus,Grim Reaper,2010-09-26
Karthus,Infernal,2020-07-16
Karthus,Karthus Lightsbane,2016-11-17
Karthus,Original,2009-06-11
Karthus,Pentakill,2011-08-29
Karthus,Pentakill Lost Chapter,2021-09-09
Karthus,Phantom,2010-01-13
Karthus,Statue of Karthus,2010-07-03
Kassadin,Cosmic Reaver,2015-10-14
Kassadin,Count,2019-10-24
Kassadin,Deep One,2010-08-01
Kassadin,Festival,2010-02-12
Kassadin,Harbinger,2011-07-13
Kassadin,Hextech,2020-10-15
Kassadin,Original,2009-08-06
Kassadin,Pre-Void,2010-09-26
Kassadin,Shockblade,2022-02-17
Katarina,Battle Academia,2019-05-15
Katarina,Battle Queen,2020-12-10
Katarina,Bilgewater,2010-08-29
Katarina,Blood Moon,2020-02-20
Katarina,Death Sworn,2017-10-25
Katarina,High Command,2011-02-22
Katarina,Kitty Cat,2010-10-19
Katarina,Mercenary,2009-11-20
Katarina,Original,2009-09-18
Katarina,PROJECT,2016-08-01
Katarina,Red Card,2010-06-24
Katarina,Sandstorm,2012-01-02
Katarina,Slay Belle,2012-12-14
Katarina,Warring Kingdoms,2015-02-10
Kayle,Aether Wing,2013-01-18
Kayle,Battleborn,2011-04-18
Kayle,Dragonslayer,2021-04-15
Kayle,Iron Inquisitor,2016-05-04
Kayle,Judgment,2011-08-22
Kayle,Original,2009-02-21
Kayle,Pentakill,2017-08-08
Kayle,Pentakill Lost Chapter,2021-09-09
Kayle,PsyOps,2020-09-17
Kayle,Riot,2014-08-12
Kayle,Silver,2009-11-13
Kayle,Transcended,2010-07-13
Kayle,Viridian,2010-06-01
Kayn,Nightbringer,2021-09-23
Kayn,Odyssey,2018-09-12
Kayn,Original,2017-07-11
Kayn,Prestige Nightbringer,2021-09-23
Kayn,Soulhunter,2017-07-11
Kennen,Arctic Ops,2011-12-29
Kennen,Blood Moon,2016-02-25
Kennen,DWG,2021-04-29
Kennen,Deadly,2010-04-08
Kennen,Infernal,2020-07-16
Kennen,Karate,2010-11-08
Kennen,Kennen M.D.,2011-03-29
Kennen,Original,2010-04-08
Kennen,Super,2017-03-29
Kennen,Swamp Master,2010-04-08
Kha'Zix,Championship,2018-09-27
Kha'Zix,Dark Star,2017-05-03
Kha'Zix,Death Blossom,2016-03-17
Kha'Zix,Guardian of the Sands,2014-09-09
Kha'Zix,Mecha,2012-09-26
Kha'Zix,Odyssey,2020-10-15
Kha'Zix,Original,2012-09-26
Kindred,Original,2015-10-13
Kindred,Porcelain,2022-01-26
Kindred,Shadowfire,2015-10-13
Kindred,Spirit Blossom,2020-08-06
Kindred,Super Galaxy,2016-05-25
Kled,Count Kledula,2018-10-24
Kled,Marauder,2021-01-07
Kled,Original,2016-08-09
Kled,Sir,2016-08-09
Kog'Maw,Arcanist,2020-07-09
Kog'Maw,Battlecast,2014-11-25
Kog'Maw,Bee'Maw,2021-03-04
Kog'Maw,Caterpillar,2010-06-24
Kog'Maw,Deep Sea,2011-09-19
Kog'Maw,Hextech,2017-12-07
Kog'Maw,Jurassic,2012-03-23
Kog'Maw,Lion Dance,2011-02-01
Kog'Maw,Monarch,2010-11-16
Kog'Maw,Original,2010-06-24
Kog'Maw,Pug'Maw,2017-03-29
Kog'Maw,Reindeer,2010-12-14
Kog'Maw,Sonoran,2010-06-24
LeBlanc,Championship,2020-09-24
LeBlanc,Coven,2020-04-16
LeBlanc,Debonair,2021-12-09
LeBlanc,Elderwood,2016-03-10
LeBlanc,Mistletoe,2011-12-14
LeBlanc,Original,2010-11-02
LeBlanc,Prestige Coven,2021-08-12
LeBlanc,Prestigious,2010-11-02
LeBlanc,Program,2018-11-15
LeBlanc,Ravenborn,2014-10-28
LeBlanc,Wicked,2010-11-02
LeBlanc,iG,2019-04-23
Lee Sin,Acolyte,2011-04-01
Lee Sin,Dragon Fist,2012-01-10
Lee Sin,FPX,2020-04-30
Lee Sin,God Fist,2017-04-05
Lee Sin,Knockout,2015-05-31
Lee Sin,Muay Thai,2012-07-24
Lee Sin,Nightbringer,2019-12-12
Lee Sin,Original,2011-04-01
Lee Sin,Playmaker,2018-06-14
Lee Sin,Pool Party,2013-09-09
Lee Sin,Prestige Nightbringer,2019-12-12
Lee Sin,SKT T1,2014-05-04
Lee Sin,Storm Dragon,2020-10-01
Lee Sin,Traditional,2011-04-01
Leona,Barbecue,2016-09-07
Leona,Battle Academia,2021-03-18
Leona,DWG,2021-04-29
Leona,Debonair,2021-12-09
Leona,Defender,2011-07-13
Leona,Iron Solari,2012-02-10
Leona,Lunar Eclipse,2018-11-27
Leona,Mecha Kingdoms,2020-01-15
Leona,Original,2011-07-13
Leona,PROJECT,2015-09-07
Leona,Pool Party,2013-09-09
Leona,Prestige Battle Academia,2021-03-18
Leona,Solar Eclipse,2018-11-27
Leona,Valkyrie,2011-07-13
Lillia,Nightbringer,2021-09-23
Lillia,Original,2020-07-22
Lillia,Spirit Blossom,2020-07-22
Lissandra,Blade Queen,2014-05-26
Lissandra,Bloodstone,2013-04-29
Lissandra,Coven,2018-11-27
Lissandra,Dark Cosmic,2020-11-24
Lissandra,Original,2013-04-29
Lissandra,Porcelain,2022-01-26
Lissandra,Program,2016-04-06
Lucian,Arcana,2021-05-13
Lucian,Demacia Vice,2019-07-18
Lucian,Heartseeker,2017-02-02
Lucian,High Noon,2018-08-30
Lucian,Hired Gun,2013-08-21
Lucian,Original,2013-08-21
Lucian,PROJECT,2015-09-07
Lucian,Prestige Pulsefire,2020-05-14
Lucian,Pulsefire,2020-05-14
Lucian,Striker,2014-06-18
Lucian,Victorious,2020-11-11
Lulu,Bittersweet,2012-03-20
Lulu,Cosmic Enchantress,2018-08-21
Lulu,Dragon Trainer,2012-11-13
Lulu,Original,2012-03-20
Lulu,Pajama Guardian,2018-11-21
Lulu,Pool Party,2015-06-25
Lulu,Prestige Space Groove,2021-04-01
Lulu,Space Groove,2021-04-01
Lulu,Star Guardian,2016-10-05
Lulu,Wicked,2012-03-20
Lulu,Winter Wonder,2013-12-19
Lux,Battle Academia,2019-05-15
Lux,Commando,2011-06-17
Lux,Cosmic,2020-03-26
Lux,Dark Cosmic,2020-03-26
Lux,Elementalist,2016-11-28
Lux,Imperial,2011-11-29
Lux,Lunar Empress,2018-02-08
Lux,Original,2010-10-19
Lux,Pajama Guardian,2018-11-21
Lux,Porcelain,2022-01-26
Lux,Prestige Battle Academia,2019-05-15
Lux,Prestige Porcelain,2022-01-26
Lux,Sorceress,2010-10-19
Lux,Space Groove,2021-04-01
Lux,Spellthief,2010-10-19
Lux,Star Guardian,2015-05-17
Lux,Steel Legion,2013-02-01
Malphite,Coral Reef,2010-11-08
Malphite,Dark Star,2020-03-26
Malphite,FPX,2020-04-30
Malphite,Glacial,2012-07-11
Malphite,Ironside,2015-10-07
Malphite,Marble,2011-03-21
Malphite,Mecha,2014-07-23
Malphite,Obsidian,2011-08-15
Malphite,Odyssey,2018-09-12
Malphite,Old God,2021-08-12
Malphite,Original,2009-09-01
Malphite,Prestige Dark Star,2020-03-26
Malphite,Shamrock,2010-03-16
Malzahar,Battle Boss,2017-08-08
Malzahar,Beezahar,2021-03-04
Malzahar,Debonair,2021-12-09
Malzahar,Djinn,2011-02-01
Malzahar,Hextech,2018-10-18
Malzahar,Original,2010-06-01
Malzahar,Overlord,2011-09-19
Malzahar,Shadow Prince,2010-06-01
Malzahar,Snow Day,2014-12-15
Malzahar,Vizier,2010-06-01
Malzahar,Worldbreaker,2020-04-09
Maokai,Astronaut,2021-07-01
Maokai,Charred,2011-02-16
Maokai,Festive,2011-12-14
Maokai,Goalkeeper,2014-06-18
Maokai,Haunted,2012-10-26
Maokai,Meowkai,2016-03-31
Maokai,Original,2011-02-16
Maokai,Totemic,2011-02-16
Maokai,Victorious,2016-11-08
Maokai,Worldbreaker,2020-04-09
Master Yi,Assassin,2009-12-17
Master Yi,Blood Moon,2020-02-20
Master Yi,Chosen,2010-06-03
Master Yi,Cosmic Blade,2017-04-26
Master Yi,Debonair,2021-12-09
Master Yi,Eternal Sword Yi,2017-09-27
Master Yi,Headhunter,2012-02-08
Master Yi,Ionia,2010-09-12
Master Yi,Original,2009-02-21
Master Yi,PROJECT Yi,2015-09-07
Master Yi,PsyOps,2020-09-03
Master Yi,Samurai Yi,2011-03-07
Master Yi,Snow Man Yi,2018-12-06
Miss Fortune,Arcade,2014-08-12
Miss Fortune,Battle Bunny,N/A
Miss Fortune,Bewitching,2019-10-24
Miss Fortune,Candy Cane,2010-12-14
Miss Fortune,Captain Fortune,2015-07-30
Miss Fortune,Cowgirl,2010-09-08
Miss Fortune,Crime City,2011-11-01
Miss Fortune,Gun Goddess,2018-03-22
Miss Fortune,Original,2010-09-08
Miss Fortune,Pajama Guardian,2018-11-21
Miss Fortune,Pool Party,2016-07-13
Miss Fortune,Prestige Bewitching,2019-10-24
Miss Fortune,Road Warrior,2011-05-24
Miss Fortune,Ruined,2021-07-22
Miss Fortune,Secret Agent,2010-11-16
Miss Fortune,Star Guardian,2017-09-06
Miss Fortune,Waterloo,2010-09-08
Mordekaiser,Dark Star,2020-03-26
Mordekaiser,Dragon Knight,2010-02-24
Mordekaiser,Infernal,2010-02-24
Mordekaiser,King of Clubs,2015-05-20
Mordekaiser,Lord,2011-05-10
Mordekaiser,Original,2010-02-24
Mordekaiser,PROJECT,2021-05-27
Mordekaiser,Pentakill,2010-09-21
Mordekaiser,Pentakill Lost Chapter,2021-09-09
Morgana,Bewitching,2016-10-19
Morgana,Blackthorn,2012-05-23
Morgana,Blade Mistress,2010-12-01
Morgana,Coven,2020-04-16
Morgana,Dawnbringer,2021-09-23
Morgana,Exiled,2010-06-01
Morgana,Ghost Bride,2013-06-13
Morgana,Lunar Wraith,2016-01-27
Morgana,Majestic Empress,2019-09-26
Morgana,Original,2009-02-21
Morgana,Prestige Bewitching,2021-10-07
Morgana,Sinful Succulence,2010-09-02
Morgana,Victorious,2014-11-11
Nami,Bewitching,2021-10-07
Nami,Cosmic Destiny,2020-11-24
Nami,Deep Sea,2016-06-29
Nami,Koi,2012-12-07
Nami,Original,2012-12-07
Nami,Program,2018-11-15
Nami,River Spirit,2014-06-01
Nami,SKT T1,2017-06-27
Nami,Splendid Staff,2019-09-26
Nami,Urf the Nami-tee,2015-03-31
Nasus,Archduke,2015-03-31
Nasus,Battlecast,2020-11-12
Nasus,Dreadknight,2011-04-26
Nasus,Galactic,2010-07-13
Nasus,Infernal,2013-11-20
Nasus,Lunar Guardian,2018-02-08
Nasus,Original,2009-09-30
Nasus,Pharaoh,2010-11-02
Nasus,Riot K-9,2011-08-16
Nasus,Space Groove,2021-04-01
Nasus,Worldbreaker,2016-11-10
Nautilus,Abyssal,2012-02-14
Nautilus,AstroNautilus,2012-09-04
Nautilus,Conqueror,2020-07-09
Nautilus,Original,2012-02-14
Nautilus,Shan Hai Scrolls,2021-01-28
Nautilus,Subterranean,2012-02-14
Nautilus,Warden,2015-02-17
Nautilus,Worldbreaker,2016-11-10
Neeko,Original,2018-12-05
Neeko,Prestige Star Guardian,2019-09-12
Neeko,Shan Hai Scrolls,2021-01-28
Neeko,Star Guardian,2019-09-12
Neeko,Winter Wonder,2018-12-05
Nidalee,Bewitching,2011-10-19
Nidalee,Challenger,2016-01-14
Nidalee,Cosmic Huntress,2020-11-24
Nidalee,DWG,2021-04-29
Nidalee,Dawnbringer,2019-12-12
Nidalee,French Maid,2010-06-24
Nidalee,Headhunter,2013-03-20
Nidalee,Leopard,2010-02-24
Nidalee,Original,2009-12-17
Nidalee,Pharaoh,2011-01-10
Nidalee,Snow Bunny,2009-12-17
Nidalee,Super Galaxy,2017-10-16
Nidalee,Warring Kingdoms,2015-02-10
Nocturne,Cursed Revenant,2016-05-04
Nocturne,Eternum,2012-12-05
Nocturne,Frozen Terror,2011-03-15
Nocturne,Haunting,2011-10-19
Nocturne,Hextech,2020-06-11
Nocturne,Old God,2019-08-29
Nocturne,Original,2011-03-15
Nocturne,Ravager,2011-07-13
Nocturne,Void,2011-03-15
Nunu & Willump,Demolisher,2011-08-24
Nunu & Willump,Grungy,2010-08-10
Nunu & Willump,Nunu & Beelump,2022-03-03
Nunu & Willump,Nunu Bot,2011-05-05
Nunu & Willump,Original,2009-02-21
Nunu & Willump,Papercraft,2019-02-21
Nunu & Willump,Sasquatch,2009-11-20
Nunu & Willump,Space Groove,2021-04-01
Nunu & Willump,TPA,2013-05-23
Nunu & Willump,Workshop,2009-12-17
Nunu & Willump,Zombie,2015-11-05
Olaf,Brolaf,2010-12-01
Olaf,Butcher,2016-09-07
Olaf,Dragonslayer,2020-01-30
Olaf,Forsaken,2010-06-08
Olaf,Glacial,2010-06-08
Olaf,Marauder,2015-09-30
Olaf,Original,2010-06-08
Olaf,Pentakill,2012-10-01
Olaf,Pentakill Lost Chapter,2021-09-09
Olaf,SKT T1,2017-06-27
Olaf,Sentinel,2021-07-08
Orianna,Bladecraft,2012-02-29
Orianna,Dark Star,2017-05-03
Orianna,Gothic,2011-06-01
Orianna,Heartseeker,2016-02-11
Orianna,Orbeeanna,2022-03-03
Orianna,Original,2011-06-01
Orianna,Pool Party,2020-07-02
Orianna,Sewn Chaos,2011-06-01
Orianna,TPA,2013-05-23
Orianna,Victorious,2018-11-21
Orianna,Winter Wonder,2014-12-15
Ornn,Elderwood,2020-12-10
Ornn,Original,2017-08-22
Ornn,Thunder Lord,2017-08-22
Pantheon,Baker,2016-09-07
Pantheon,Dragonslayer,2014-05-14
Pantheon,Full Metal,2011-08-01
Pantheon,Glaive Warrior,2012-05-30
Pantheon,Myrmidon,2010-02-02
Pantheon,Original,2010-02-02
Pantheon,Perseus,2010-11-02
Pantheon,Prestige Ascended,2021-07-08
Pantheon,Pulsefire,2020-05-14
Pantheon,Ruined,2021-07-08
Pantheon,Ruthless,2010-08-08
Pantheon,Zombie Slayer,2015-11-05
Poppy,Astronaut,2020-05-28
Poppy,Battle Regalia,2011-03-15
Poppy,Bewitching,2021-10-07
Poppy,Blacksmith,2010-08-24
Poppy,Hextech,2018-07-23
Poppy,Lollipoppy,2010-10-19
Poppy,Noxus,2010-02-02
Poppy,Original,2010-01-13
Poppy,Ragdoll,2010-12-14
Poppy,Scarlet Hammer,2012-02-01
Poppy,Snow Fawn,2017-12-12
Poppy,Star Guardian,2016-10-05
Pyke,Ashen Knight,N/A
Pyke,Blood Moon,2019-01-10
Pyke,Original,2018-05-31
Pyke,PROJECT,2019-08-01
Pyke,PsyOps,2020-09-17
Pyke,Sand Wraith,2018-05-31
Pyke,Sentinel,2021-07-22
Qiyana,Battle Boss,2019-06-28
Qiyana,Battle Queen,2020-12-10
Qiyana,Original,2019-06-28
Qiyana,Prestige True Damage,2019-11-10
Qiyana,Shockblade,2022-02-17
Qiyana,True Damage,2019-11-10
Quinn,Corsair,2015-07-22
Quinn,Heartseeker,2017-02-02
Quinn,Original,2013-03-01
Quinn,Phoenix,2013-03-01
Quinn,Warden,2021-01-07
Quinn,Woad Scout,2014-06-09
Rakan,Cosmic Dawn,2017-04-18
Rakan,Elderwood,2020-12-10
Rakan,Original,2017-04-18
Rakan,SSG,2018-07-20
Rakan,Star Guardian,2019-09-12
Rakan,Sweetheart,2018-02-12
Rakan,iG,2019-04-23
Rammus,Astronaut,2021-07-01
Rammus,Chrome,2010-05-17
Rammus,Freljord,2010-11-22
Rammus,Full Metal,2012-08-16
Rammus,Guardian of the Sands,2015-04-26
Rammus,Hextech,2019-08-15
Rammus,King,2009-10-20
Rammus,Molten,2010-07-13
Rammus,Ninja,2011-05-17
Rammus,Original,2009-07-09
Rammus,Sweeper,2018-06-14
Rek'Sai,Blackfrost,2020-03-05
Rek'Sai,Elderwood,2022-01-06
Rek'Sai,Eternum,2014-12-11
Rek'Sai,Original,2014-12-11
Rek'Sai,Pool Party,2015-06-25
Rell,Battle Queen,2020-12-10
Rell,Original,2020-12-10
Renata Glasc,Admiral Glasc,2022-02-17
Renata Glasc,Original,2022-02-17
Renekton,Blackfrost,2020-03-05
Renekton,Bloodfury,2011-07-26
Renekton,Galactic,2011-01-18
Renekton,Hextech,2018-12-20
Renekton,Original,2011-01-18
Renekton,Outback,2011-01-18
Renekton,PROJECT,2021-05-27
Renekton,Pool Party,2013-09-09
Renekton,Prehistoric,2015-06-14
Renekton,Renektoy,2017-03-29
Renekton,Rune Wars,2012-04-30
Renekton,SKT T1,2016-08-17
Renekton,Scorched Earth,2014-02-10
Rengar,Guardian of the Sands,2020-01-22
Rengar,Headhunter,2012-08-21
Rengar,Mecha,2017-11-09
Rengar,Night Hunter,2014-05-19
Rengar,Original,2012-08-21
Rengar,Pretty Kitty,2019-03-27
Rengar,SSW,2015-05-13
Rengar,Sentinel,2021-07-22
Riven,Arcade,2015-08-19
Riven,Battle Bunny,2012-04-06
Riven,Battle Bunny Prime,N/A
Riven,Championship,2012-10-13
Riven,Championship 2016,2016-09-25
Riven,Crimson Elite,2011-09-14
Riven,Dawnbringer,2017-06-14
Riven,Dragonblade,2014-01-28
Riven,Original,2011-09-14
Riven,Prestige Valiant Sword,2019-09-26
Riven,Pulsefire,2018-05-17
Riven,Redeemed,2011-09-14
Riven,Sentinel,2021-07-08
Riven,Spirit Blossom,2020-08-06
Riven,Valiant Sword,2019-09-26
Rumble,Badlands Baron,2018-04-11
Rumble,Bilgerat,2011-04-26
Rumble,Original,2011-04-26
Rumble,Rumble in the Jungle,2011-04-26
Rumble,Space Groove,2021-04-01
Rumble,Super Galaxy,2014-04-02
Ryze,Championship,2019-09-26
Ryze,Dark Crystal,2012-02-20
Ryze,Guardian of the Sands,2020-01-22
Ryze,Original,2009-02-21
Ryze,Pirate,2012-10-26
Ryze,Professor,2010-10-05
Ryze,Ryze Whitebeard,2015-12-07
Ryze,SKT T1,2016-08-17
Ryze,Tribal,2010-03-04
Ryze,Triumphant,2010-08-31
Ryze,Uncle,2010-07-03
Ryze,Young,2009-07-17
Ryze,Zombie,2010-10-19
Samira,Original,2020-09-21
Samira,PsyOps,2020-09-21
Samira,Space Groove,2021-04-01
Sejuani,Bear Cavalry,2013-07-31
Sejuani,Beast Hunter,2016-02-04
Sejuani,Darkrider,2012-01-17
Sejuani,Firecracker,2019-01-28
Sejuani,Hextech,2020-03-05
Sejuani,Original,2012-01-17
Sejuani,PROJECT,2021-05-27
Sejuani,Poro Rider,2014-12-15
Sejuani,Sabretusk,2012-01-17
Sejuani,Sejuani Dawnchaser,2016-11-17
Sejuani,Traditional,2013-04-30
Senna,High Noon,2020-06-18
Senna,Original,2019-11-10
Senna,PROJECT,2021-05-27
Senna,Prestige True Damage,2020-02-04
Senna,True Damage,2019-11-10
Seraphine,Graceful Phoenix,2021-09-02
Seraphine,KDA ALL OUT Indie,2020-10-29
Seraphine,KDA ALL OUT Rising Star,2020-10-29
Seraphine,KDA ALL OUT Superstar,2020-10-29
Seraphine,Original,2020-10-29
Sett,Firecracker,2022-01-26
Sett,Mecha Kingdoms,2020-01-14
Sett,Obsidian Dragon,2020-10-01
Sett,Original,2020-01-14
Sett,Pool Party,2021-06-09
Sett,Prestige Obsidian Dragon,2020-10-01
Shaco,Arcanist,2020-07-09
Shaco,Asylum,2011-11-07
Shaco,Crime City Nightmare,2021-08-26
Shaco,Dark Star,2019-06-13
Shaco,Mad Hatter,2010-06-08
Shaco,Masked,2013-01-08
Shaco,Nutcracko,2010-12-14
Shaco,Original,2009-10-09
Shaco,Royal,2010-09-12
Shaco,Wild Card,2015-05-20
Shaco,Workshop,2011-03-29
Shen,Blood Moon,2011-06-07
Shen,Frozen,2010-03-24
Shen,Infernal,2019-09-05
Shen,Original,2010-03-24
Shen,PsyOps,2020-09-03
Shen,Pulsefire,2018-05-17
Shen,Shockblade,2022-02-17
Shen,Surgeon,2011-01-04
Shen,TPA,2013-05-23
Shen,Warlord,2012-04-17
Shen,Yellow Jacket,2010-03-24
Shyvana,Boneclaw,2011-11-01
Shyvana,Championship,2014-10-13
Shyvana,Darkflame,2012-05-28
Shyvana,Ice Drake,2013-04-29
Shyvana,Ironscale,2011-11-01
Shyvana,Original,2011-11-01
Shyvana,Ruined,2021-01-21
Shyvana,Super Galaxy,2016-05-25
Singed,Augmented,2012-07-09
Singed,Beekeeper,2017-10-11
Singed,Black Scourge,2016-05-04
Singed,Hextech,2010-08-15
Singed,Mad Scientist,2011-09-26
Singed,Original,2009-04-17
Singed,Resistance,2020-11-12
Singed,Riot Squad,2010-06-25
Singed,SSW,2015-05-13
Singed,Snow Day,2013-12-19
Singed,Surfer,2010-12-06
Sion,Barbarian,2010-09-26
Sion,Blackfrost,2021-04-15
Sion,Hextech,2010-06-01
Sion,Lumberjack,2011-01-24
Sion,Mecha Zero,2016-04-13
Sion,Original,2009-02-21
Sion,Warmonger,2011-07-18
Sion,Worldbreaker,2020-04-09
Sivir,Bandit,2011-03-21
Sivir,Blood Moon,2019-01-10
Sivir,Cafe Cuties,2021-12-02
Sivir,Huntress,2011-02-07
Sivir,Neo PAX,2017-08-30
Sivir,Odyssey,2020-10-15
Sivir,Original,2009-02-21
Sivir,PAX,2011-08-25
Sivir,Pizza Delivery,2018-03-29
Sivir,Snowstorm,2013-12-19
Sivir,Spectacular,2010-06-08
Sivir,Victorious,2015-11-12
Sivir,Warden,2015-02-17
Sivir,Warrior Princess,2010-04-27
Skarner,Battlecast Alpha,2014-11-25
Skarner,Cosmic Sting,2020-11-24
Skarner,Earthrune,2011-08-09
Skarner,Guardian of the Sands,2015-04-26
Skarner,Original,2011-08-09
Skarner,Sandscourge,2011-08-09
Sona,Arcade,2012-08-31
Sona,DJ,2015-02-25
Sona,Guqin,2012-01-10
Sona,Muse,2010-09-21
Sona,Odyssey,2018-09-12
Sona,Original,2010-09-21
Sona,Pentakill,2010-09-21
Sona,Pentakill Lost Chapter,2021-09-09
Sona,PsyOps,2020-09-03
Sona,Silent Night,2010-12-14
Sona,Sweetheart,2016-02-11
Soraka,Cafe Cuties,2021-12-02
Soraka,Celestine,2013-03-05
Soraka,Dawnbringer,2019-12-12
Soraka,Divine,2010-11-02
Soraka,Dryad,2010-06-03
Soraka,Nightbringer,2019-12-12
Soraka,Order of the Banana,2015-03-31
Soraka,Original,2009-02-21
Soraka,Pajama Guardian,2018-11-21
Soraka,Prestige Star Guardian,2020-11-24
Soraka,Program,2016-04-06
Soraka,Reaper,2014-11-05
Soraka,Star Guardian,2017-09-06
Soraka,Winter Wonder,2018-12-06
Swain,Bilgewater,2010-10-05
Swain,Crystal Rose,2021-02-11
Swain,Dragon Master,2018-02-22
Swain,Hextech,2019-12-12
Swain,Northern Front,2010-10-05
Swain,Original,2010-10-05
Swain,Tyrant,2012-05-22
Sylas,Battle Wolf,N/A
Sylas,Freljord,2020-01-10
Sylas,Lunar Wraith,2019-01-25
Sylas,Original,2019-01-25
Sylas,PROJECT,2021-05-27
Sylas,Prestige PROJECT,2021-05-27
Syndra,Atlantean,2014-04-29
Syndra,Bewitching,2021-10-07
Syndra,Justicar,2012-09-12
Syndra,Original,2012-09-12
Syndra,Pool Party,2020-07-02
Syndra,Queen of Diamonds,2015-05-20
Syndra,SKT T1,2017-06-27
Syndra,Snow Day,2015-12-10
Syndra,Star Guardian,2017-09-06
Syndra,Withered Rose,2021-02-11
Tahm Kench,Arcana,2021-05-13
Tahm Kench,Coin Emperor,2019-01-28
Tahm Kench,Master Chef,2015-07-08
Tahm Kench,Original,2015-07-08
Tahm Kench,Urf Kench,2016-03-31
Taliyah,Freljord,2016-05-17
Taliyah,Original,2016-05-17
Taliyah,Pool Party,2020-07-02
Taliyah,SSG,2018-07-20
Talon,Blood Moon,2017-02-09
Talon,Crimson Elite,2011-08-24
Talon,Dragonblade,2012-01-10
Talon,Enduring Sword,2018-09-04
Talon,Original,2011-08-24
Talon,Renegade,2011-08-24
Talon,SSW,2015-05-13
Talon,Talon Blackwood,2020-03-19
Talon,Withered Rose,2021-02-11
Taric,Armor of the Fifth Age,2010-04-08
Taric,Bloodstone,2011-08-09
Taric,Emerald,2009-11-20
Taric,Original,2009-08-18
Taric,Pool Party,2016-07-13
Taric,Taric Luminshield,2020-03-19
Teemo,Astronaut,2010-10-27
Teemo,Badger,2010-01-13
Teemo,Beemo,2018-05-01
Teemo,Cottontail,2011-04-18
Teemo,Firecracker,2022-01-26
Teemo,Happy Elf,2009-12-17
Teemo,Little Devil,2016-10-19
Teemo,Omega Squad,2015-04-08
Teemo,Original,2009-02-21
Teemo,Panda,2012-07-09
Teemo,Prestige Spirit Blossom,2020-07-22
Teemo,Recon,2009-12-17
Teemo,Spirit Blossom,2020-07-22
Teemo,Super,2011-10-10
Thresh,Blood Moon,2015-01-08
Thresh,Championship,2013-10-03
Thresh,Dark Star,2016-06-15
Thresh,Deep Terror,2013-01-23
Thresh,FPX,2020-04-30
Thresh,High Noon,2018-08-30
Thresh,Original,2013-01-23
Thresh,Prestige Pulsefire,2019-11-21
Thresh,Pulsefire,2019-11-21
Thresh,SSW,2015-05-13
Thresh,Spirit Blossom,2020-07-22
Thresh,Steel Dragon,2021-10-21
Thresh,Unbound,2021-07-29
Tristana,Bewitching,2016-10-19
Tristana,Buccaneer,2011-06-27
Tristana,Dragon Trainer,2015-12-03
Tristana,Earnest Elf,2009-12-31
Tristana,Firecracker,2022-01-26
Tristana,Firefighter,2010-06-03
Tristana,Guerilla,2010-08-10
Tristana,Hextech,2021-09-09
Tristana,Little Demon,2019-05-30
Tristana,Omega Squad,2017-07-26
Tristana,Original,2009-02-21
Tristana,Pengu Cosplay,2020-04-01
Tristana,Riot Girl,2009-12-15
Tristana,Rocket Girl,2012-10-19
Trundle,Constable,2014-11-28
Trundle,Dragonslayer,2020-01-30
Trundle,Junkyard,2010-12-01
Trundle,Lil' Slugger,2010-12-01
Trundle,Original,2010-12-01
Trundle,Traditional,2013-04-30
Trundle,Worldbreaker,2016-11-10
Tryndamere,Beast Hunter,2016-02-04
Tryndamere,Blood Moon,2020-02-20
Tryndamere,Chemtech,2017-06-05
Tryndamere,Demonblade,2011-08-01
Tryndamere,Highland,2010-03-16
Tryndamere,King,2010-09-21
Tryndamere,Nightbringer,2021-09-23
Tryndamere,Nightmare,2015-06-07
Tryndamere,Original,2009-04-30
Tryndamere,Sultan,2012-09-26
Tryndamere,Viking,2011-06-24
Tryndamere,Warring Kingdoms,2014-01-28
Twisted Fate,Blood Moon,2017-02-09
Twisted Fate,Crime City Nightmare,2021-08-26
Twisted Fate,Cutpurse,2015-07-21
Twisted Fate,DWG,2021-04-29
Twisted Fate,High Noon,2011-05-17
Twisted Fate,Jack of Hearts,2010-02-10
Twisted Fate,Musketeer,2011-11-21
Twisted Fate,Odyssey,2020-10-15
Twisted Fate,Original,2009-02-21
Twisted Fate,PAX,2009-09-03
Twisted Fate,Pulsefire,2018-05-17
Twisted Fate,Red Card,2014-06-18
Twisted Fate,Tango,2010-10-05
Twisted Fate,The Magnificent,2010-05-17
Twisted Fate,Underworld,2012-10-26
Twitch,Crime City,2010-10-13
Twitch,Dragonslayer,2021-04-15
Twitch,Ice King,2018-12-06
Twitch,Kingpin,2009-11-20
Twitch,Medieval,2009-12-15
Twitch,Omega Squad,2017-07-26
Twitch,Original,2009-04-30
Twitch,Pickpocket,2014-11-28
Twitch,SSW,2015-05-13
Twitch,Twitch Shadowfoot,2020-03-19
Twitch,Vandal,2011-02-22
Twitch,Whistler Village,2010-02-12
Udyr,Black Belt,2010-07-18
Udyr,Definitely Not,2015-03-31
Udyr,Dragon Oracle,2019-08-15
Udyr,Original,2009-12-02
Udyr,Primal,2010-12-06
Udyr,Spirit Guard,2013-07-16
Urgot,Battlecast,2012-03-05
Urgot,Butcher,2010-08-24
Urgot,Giant Enemy Crabgot,2010-08-24
Urgot,High Noon,2018-08-30
Urgot,Original,2010-08-24
Urgot,Pajama Guardian Cosplay,2020-04-01
Varus,Arclight,2012-12-05
Varus,Arctic Ops,2014-03-20
Varus,Blight Crystal,2012-05-08
Varus,Conqueror,2018-04-25
Varus,Cosmic Hunter,2020-11-24
Varus,Dark Star,2016-06-15
Varus,Heartseeker,2015-02-13
Varus,Infernal,2019-09-05
Varus,Original,2012-05-08
Varus,PROJECT,2021-05-27
Varus,Varus Swiftbolt,2015-12-07
Vayne,Arclight,2015-04-20
Vayne,Aristocrat,2011-05-10
Vayne,Battle Bat,N/A
Vayne,Dragonslayer,2011-08-24
Vayne,FPX,2020-04-30
Vayne,Firecracker,2019-01-28
Vayne,Heartseeker,2012-02-14
Vayne,Original,2011-05-10
Vayne,PROJECT,2017-11-22
Vayne,Prestige Firecracker,2019-01-28
Vayne,SKT T1,2014-05-04
Vayne,Sentinel,2021-07-08
Vayne,Soulstealer,2016-07-28
Vayne,Spirit Blossom,2020-07-22
Vayne,Vindicator,2011-05-10
Veigar,Astronaut,2021-07-01
Veigar,Bad Santa,2012-12-14
Veigar,Baron Von,2011-06-27
Veigar,Curling,2010-02-12
Veigar,Elderwood,2019-08-29
Veigar,Final Boss,2014-08-27
Veigar,Furyhorn Cosplay,2020-04-01
Veigar,Leprechaun,2011-03-15
Veigar,Omega Squad,2017-07-26
Veigar,Original,2009-07-23
Veigar,Superb Villain,2012-01-02
Veigar,Veigar Greybeard,2010-09-08
Veigar,White Mage,2009-12-17
Vel'Koz,Arclight,2015-01-28
Vel'Koz,Battlecast,2014-02-27
Vel'Koz,Blackfrost,2021-04-15
Vel'Koz,Definitely Not,2016-03-31
Vel'Koz,Infernal,2020-07-16
Vel'Koz,Original,2014-02-27
Vex,Dawnbringer,2021-09-23
Vex,Original,2021-09-23
Vi,Arcane,2021-11-15
Vi,Debonair,2014-08-05
Vi,Demon,2015-10-19
Vi,Heartbreaker,2019-02-11
Vi,Neon Strike,2012-12-19
Vi,Officer,2013-10-29
Vi,Original,2012-12-19
Vi,PROJECT,2017-11-22
Vi,PsyOps,2020-09-03
Vi,Warring Kingdoms,2017-01-19
Viego,Dissonance of Pentakill,2021-09-09
Viego,Lunar Beast,2021-01-21
Viego,Original,2021-01-21
Viktor,Creator,2013-09-30
Viktor,Death Sworn,2017-10-25
Viktor,Full Machine,2011-12-29
Viktor,Original,2011-12-29
Viktor,Prototype,2011-12-29
Viktor,PsyOps,2020-09-17
Vladimir,Academy,2015-08-26
Vladimir,Blood Lord,2011-11-21
Vladimir,Cafe Cuties,2021-12-02
Vladimir,Cosmic Devourer,2020-11-24
Vladimir,Count,2010-07-27
Vladimir,Dark Waters,2018-05-31
Vladimir,Marquis,2010-07-27
Vladimir,Nightbringer,2019-12-12
Vladimir,Nosferatu,2010-10-19
Vladimir,Original,2010-07-27
Vladimir,Soulstealer,2014-07-09
Vladimir,Vandal,2011-01-24
Volibear,Captain,2014-11-28
Volibear,Duality Dragon,2021-10-21
Volibear,El Rayo,2016-06-01
Volibear,Northern Storm,2011-11-29
Volibear,Original,2011-11-29
Volibear,Prestige Duality Dragon,2021-10-21
Volibear,Runeguard,2013-04-29
Volibear,Thousand Pierced Bear,2020-05-28
Volibear,Thunder Lord,2011-11-29
Warwick,Big Bad,2010-04-27
Warwick,Feral,2010-11-16
Warwick,Firefang,2011-03-29
Warwick,Grey,2010-07-08
Warwick,Hyena,2011-12-05
Warwick,Lunar Guardian,2018-02-08
Warwick,Marauder,2015-02-17
Warwick,Old God,2021-08-12
Warwick,Original,2009-02-21
Warwick,PROJECT,2019-08-01
Warwick,Tundra Hunter,2010-08-15
Warwick,Urf the Manatee,2010-03-31
Warwick,Urfwick,2017-11-08
Wukong,Battle Academia,2021-03-18
Wukong,General,2011-07-26
Wukong,Jade Dragon,2012-01-10
Wukong,Lancer Stratus,2018-04-04
Wukong,Original,2011-07-26
Wukong,Radiant,2016-01-27
Wukong,Underworld,2014-10-28
Wukong,Volcanic,2011-07-26
Xayah,Brave Phoenix,2021-09-02
Xayah,Cosmic Dusk,2017-04-18
Xayah,Elderwood,2020-12-10
Xayah,Original,2017-04-18
Xayah,Prestige Brave Phoenix,2022-02-17
Xayah,SSG,2018-07-20
Xayah,Star Guardian,2019-09-12
Xayah,Sweetheart,2018-02-12
Xerath,Arcana,2021-05-13
Xerath,Battlecast,2011-10-05
Xerath,Dark Star,2020-03-26
Xerath,Guardian of the Sands,2015-04-26
Xerath,Original,2011-10-05
Xerath,Runeborn,2011-10-05
Xerath,Scorched Earth,2012-07-13
Xin Zhao,Commando,2010-07-13
Xin Zhao,Cosmic Defender,2018-08-21
Xin Zhao,Dragonslayer,2017-03-09
Xin Zhao,Firecracker,2022-01-26
Xin Zhao,Imperial,2010-07-13
Xin Zhao,Marauder,2021-01-07
Xin Zhao,Original,2010-07-13
Xin Zhao,Secret Agent,2015-03-16
Xin Zhao,Viscero,2010-11-22
Xin Zhao,Warring Kingdoms,2013-02-08
Xin Zhao,Winged Hussar,2011-09-26
Yasuo,Battle Boss,2019-06-28
Yasuo,Blood Moon,2016-02-25
Yasuo,Dream Dragon,2021-10-21
Yasuo,High Noon,2013-12-13
Yasuo,Nightbringer,2017-06-14
Yasuo,Odyssey,2018-09-12
Yasuo,Original,2013-12-13
Yasuo,PROJECT,2014-08-31
Yasuo,Prestige True Damage,2020-09-25
Yasuo,Spirit Blossom,2020-07-22
Yasuo,True Damage,2019-11-10
Yasuo,Truth Dragon,2021-10-21
Yone,Battle Academia,2021-03-18
Yone,Dawnbringer,2021-09-23
Yone,Original,2020-08-06
Yone,Spirit Blossom,2020-08-06
Yorick,Arclight,2017-10-02
Yorick,Meowrick,2019-03-27
Yorick,Original,2011-06-22
Yorick,Pentakill,2011-06-21
Yorick,Pentakill Lost Chapter,2021-09-09
Yorick,Resistance,2020-11-12
Yorick,Undertaker,2011-06-21
Yuumi,Battle Principal,2019-05-14
Yuumi,Bewitching,2021-10-07
Yuumi,Heartseeker,2020-02-04
Yuumi,Original,2019-05-14
Yuumi,Yuubee,2021-03-04
Zac,Battlecast,2020-11-12
Zac,Original,2013-03-29
Zac,Pool Party,2015-06-25
Zac,SKT T1,2017-06-27
Zac,Special Weapon,2013-03-29
Zed,Championship,2016-09-25
Zed,Death Sworn,2017-10-25
Zed,Debonair,2021-12-09
Zed,Galaxy Slayer,2019-04-18
Zed,Original,2012-11-13
Zed,PROJECT,2015-09-07
Zed,Prestige PROJECT,2021-06-24
Zed,PsyOps,2020-09-17
Zed,SKT T1,2014-05-04
Zed,Shockblade,2012-11-13
Zeri,Original,2022-01-20
Zeri,Withered Rose,2022-01-20
Ziggs,BZZZiggs,2022-03-03
Ziggs,Battle Boss,2017-08-08
Ziggs,Hextech,2020-09-03
Ziggs,Mad Scientist,2012-02-01
Ziggs,Major,2012-02-01
Ziggs,Master Arcanist,2015-05-06
Ziggs,Odyssey,2018-09-12
Ziggs,Original,2012-02-01
Ziggs,Pool Party,2012-09-04
Ziggs,Snow Day,2012-12-14
Ziggs,Sugar Rush,2019-12-17
Zilean,Blood Moon,2015-05-10
Zilean,Groovy,2010-07-27
Zilean,Old Saint,2009-12-23
Zilean,Original,2009-04-17
Zilean,Shurima Desert,2010-09-08
Zilean,Sugar Rush,2019-12-17
Zilean,Time Machine,2011-04-12
Zoe,Arcanist,2020-07-09
Zoe,Cyber Pop,2017-11-21
Zoe,Original,2017-11-21
Zoe,Pool Party,2018-08-02
Zoe,Prestige Arcanist,2020-07-09
Zoe,Star Guardian,2019-09-12
Zyra,Coven,2020-04-16
Zyra,Crime City Nightmare,2021-08-26
Zyra,Crystal Rose,2021-02-11
Zyra,Dragon Sorceress,2017-03-09
Zyra,Haunted,2013-10-29
Zyra,Original,2012-07-24
Zyra,Prestige Coven,2020-04-16
Zyra,SKT T1,2014-05-04
Zyra,Wildfire,2012-07-24
